[
  {
    "id": 1,
    "name": "striking-wealth-64e07b9b92",
    "url": null,
    "user_id": 1,
    "created_at": "2023-06-22T06:02:08.597Z"
  },
  {
    "id": 2,
    "name": "efficient-cow-7c823a43b3",
    "url": null,
    "user_id": 1,
    "created_at": "2023-06-20T05:08:32.037Z"
  },
  {
    "id": 3,
    "name": "timely-cuddle-df23a4161d",
    "url": null,
    "user_id": 1,
    "created_at": "2023-06-21T16:34:48.690Z"
  },
  {
    "id": 4,
    "name": "renowned-egg-bfa4421d46",
    "url": null,
    "user_id": 1,
    "created_at": "2023-06-24T16:18:53.238Z"
  },
  {
    "id": 5,
    "name": "honest-basket-70826f683d",
    "url": null,
    "user_id": 1,
    "created_at": "2023-06-20T22:49:09.750Z"
  },
  {
    "id": 1,
    "name": "strong-event-7bb06ea633",
    "url": null,
    "user_id": 2,
    "created_at": "2023-06-11T16:33:33.977Z"
  },
  {
    "id": 2,
    "name": "grateful-fireworks-6913108118",
    "url": null,
    "user_id": 2,
    "created_at": "2023-06-19T14:28:33.198Z"
  },
  {
    "id": 3,
    "name": "enduring-cats-b2382aae15",
    "url": null,
    "user_id": 2,
    "created_at": "2023-05-25T05:39:32.238Z"
  },
  {
    "id": 1,
    "name": "necessary-broccoli-b14bca88a5",
    "url": null,
    "user_id": 3,
    "created_at": "2023-04-24T04:04:10.509Z"
  },
  {
    "id": 2,
    "name": "different-bell-53a2a6f630",
    "url": null,
    "user_id": 3,
    "created_at": "2023-03-12T19:11:53.389Z"
  },
  {
    "id": 3,
    "name": "acceptable-badge-2354fc4fc8",
    "url": null,
    "user_id": 3,
    "created_at": "2023-04-08T15:41:43.489Z"
  },
  {
    "id": 4,
    "name": "calm-gift-35a6941311",
    "url": null,
    "user_id": 3,
    "created_at": "2023-05-12T02:45:08.896Z"
  },
  {
    "id": 5,
    "name": "bright-birds-d96598fb7f",
    "url": null,
    "user_id": 3,
    "created_at": "2023-05-11T08:44:11.537Z"
  },
  {
    "id": 6,
    "name": "unwavering-nature-8366431974",
    "url": null,
    "user_id": 3,
    "created_at": "2023-04-18T09:40:55.765Z"
  },
  {
    "id": 1,
    "name": "leading-bell-07ad1693d6",
    "url": null,
    "user_id": 4,
    "created_at": "2023-04-09T17:27:02.699Z"
  },
  {
    "id": 2,
    "name": "secure-cats-c8234eb3c6",
    "url": null,
    "user_id": 4,
    "created_at": "2023-03-22T18:08:08.484Z"
  },
  {
    "id": 3,
    "name": "natural-garden-0a898df7cd",
    "url": null,
    "user_id": 4,
    "created_at": "2023-04-29T03:18:14.887Z"
  },
  {
    "id": 4,
    "name": "excellent-luck-884580eb5c",
    "url": null,
    "user_id": 4,
    "created_at": "2023-06-17T11:08:04.015Z"
  },
  {
    "id": 5,
    "name": "stylish-wonder-51729cfc5a",
    "url": null,
    "user_id": 4,
    "created_at": "2023-04-10T00:29:18.785Z"
  },
  {
    "id": 6,
    "name": "necessary-confidence-838d0b3888",
    "url": null,
    "user_id": 4,
    "created_at": "2023-05-12T22:32:24.888Z"
  }
]
