[
  {
    "id": 1,
    "email": "Cedrick_Abshire60@example.com",
    "username": "Cedrick_Abshire60",
    "created_at": "2023-06-19T16:53:54.227Z"
  },
  {
    "id": 2,
    "email": "Mathias_Schowalter@example.com",
    "username": "Mathias_Schowalter",
    "created_at": "2023-05-03T18:52:37.130Z"
  },
  {
    "id": 3,
    "email": "Emiliano.Mertz16@example.com",
    "username": "Emiliano.Mertz16",
    "created_at": "2023-03-10T04:11:18.085Z"
  },
  {
    "id": 4,
    "email": "Clementina45@example.com",
    "username": "Clementina45",
    "created_at": "2023-03-19T12:03:47.005Z"
  }
]
